ID,GRP,ALK,NH3,CA,Chloride,Nitrate,Nitrate_Nitrite,Nitrite,OrthoP,TN,TP,TS,TSS,ALKSat,NH3Sat,CASat,ChlorideSat,NitrateSat,Nitrate_NitriteSat,NitriteSat,OrthoPSat,TNSat,TPSat,TSSat,TSSSat
S14129_2011_2015,2011_2015,16,0.00967,11456.66667,42.36666667,1.136666667,1.136666667,0.00233,0.00933,1.124333333,0.016,142.6666667,5.333333333,FALSE,FALSE,FALSE,FALSE,FALSE,FALSE,TRUE,FALSE,FALSE,FALSE,FALSE,FALSE
S14186_2006_2010,2006_2010,22.5,0.0055,9235,20.795,0.1625,0.141,0.003,0.0085,0.4015,0.019,99,2.5,FALSE,FALSE,FALSE,FALSE,FALSE,FALSE,TRUE,FALSE,FALSE,FALSE,FALSE,FALSE
S14202_2001_2005,2001_2005,37.06666667,0.0767,21400,59.6,0.523666667,0.54,0.0163,0.152666667,0.991333333,0.211,192.6666667,1.333333333,FALSE,FALSE,FALSE,FALSE,FALSE,FALSE,FALSE,FALSE,FALSE,FALSE,FALSE,TRUE
S14277_2006_2010,2006_2010,15.83333333,0.0157,6228.333333,11.36833333,0.349166667,0.3515,0.00333,0.00283,0.502833333,0.013,67.33333333,2,FALSE,FALSE,FALSE,FALSE,FALSE,FALSE,FALSE,FALSE,FALSE,FALSE,FALSE,TRUE
S14278_2011_2015,2011_2015,19.25,0.02275,7080,12.725,0.1605,0.16125,0.032,0.005,0.28625,0.01425,48.25,8.75,FALSE,FALSE,FALSE,FALSE,FALSE,FALSE,FALSE,FALSE,FALSE,FALSE,FALSE,FALSE
S14308_2011_2015,2011_2015,71,0.024,31075,35.6,1.251,1.2575,0.00725,0.02,1.46425,0.04825,208.5,15.75,FALSE,FALSE,FALSE,FALSE,FALSE,FALSE,FALSE,FALSE,FALSE,FALSE,FALSE,FALSE
S14316_2001_2005,2001_2005,20,0.0536,8762.05002,29.902,0.5794,0.5958,0.0164,0.0658,0.939,0.0982,116,4.4,FALSE,FALSE,FALSE,FALSE,FALSE,FALSE,FALSE,FALSE,FALSE,FALSE,FALSE,FALSE
S14332_2006_2010,2006_2010,33,0.027,17000,57.1,0.753,0.76,0.007,0.74,1.239,0.854,198,2,FALSE,FALSE,FALSE,FALSE,FALSE,FALSE,FALSE,FALSE,FALSE,FALSE,FALSE,TRUE
S14396_2006_2010,2006_2010,10,0.00867,5946.666667,19.73333333,0.171333333,0.175333333,0.00533,0.00467,0.342,0.011,80,3.666666667,FALSE,FALSE,FALSE,FALSE,FALSE,FALSE,FALSE,FALSE,FALSE,FALSE,FALSE,FALSE
S14397_2011_2015,2011_2015,131,0.0197,49400,78,0.563666667,0.569333333,0.00567,0.0123,0.797,0.04,187.3333333,20.66666667,FALSE,FALSE,FALSE,FALSE,FALSE,FALSE,FALSE,FALSE,FALSE,FALSE,FALSE,FALSE
S14403_2006_2010,2006_2010,26,0.0105,10920,23.55,0.587,0.591,0.004,0.0085,0.786,0.0235,128,3.5,FALSE,FALSE,FALSE,FALSE,FALSE,FALSE,FALSE,FALSE,FALSE,FALSE,FALSE,FALSE
S14404_2011_2015,2011_2015,43.85714286,0.0231,22100,47.88571429,0.846857143,0.850571429,0.00457,0.0131,1.032285714,0.0264,212.2857143,5.928571429,FALSE,FALSE,FALSE,FALSE,FALSE,FALSE,FALSE,FALSE,FALSE,FALSE,FALSE,FALSE
S14456_2006_2010,2006_2010,34.75,0.0125,16675,53.9825,0.78325,0.78775,0.0045,0.01175,0.95,0.0245,178.6666667,3,FALSE,FALSE,FALSE,FALSE,FALSE,FALSE,FALSE,FALSE,FALSE,FALSE,FALSE,FALSE
S14461_2006_2010,2006_2010,23.5,0.017,8020,14.825,0.13975,0.14325,0.0035,0.026,0.38725,0.033,88.5,3,FALSE,FALSE,FALSE,FALSE,FALSE,FALSE,FALSE,FALSE,FALSE,FALSE,FALSE,FALSE
S14523_2011_2015,2011_2015,44,0.011,15000,6.2,0.087,0.087,0.003,0.004,0.138,0.009,86,3,FALSE,FALSE,FALSE,FALSE,FALSE,FALSE,TRUE,FALSE,FALSE,FALSE,FALSE,FALSE
S14547_2001_2005,2001_2005,71.16666667,0.0215,22616.66667,9.733333333,0.397833333,0.401833333,0.005,0.0123,0.6655,0.0307,114,2.333333333,FALSE,FALSE,FALSE,FALSE,FALSE,FALSE,FALSE,FALSE,FALSE,FALSE,FALSE,FALSE
S14553_2011_2015,2011_2015,97,0.01625,34700,76.025,0.46125,0.46375,0.00425,0.04725,0.5685,0.08025,345,8,FALSE,FALSE,FALSE,FALSE,FALSE,FALSE,FALSE,FALSE,FALSE,FALSE,FALSE,FALSE
S14584_2006_2010,2006_2010,14.66666667,0.0127,6843.333333,27.36666667,0.223333333,0.224666667,0.003,0.006,0.354333333,0.0153,114,3.666666667,FALSE,FALSE,FALSE,FALSE,FALSE,FALSE,TRUE,FALSE,FALSE,FALSE,FALSE,FALSE
S14591_2006_2010,2006_2010,16.25,0.01075,6140,15.125,0.1305,0.133125,0.003375,0.0045,0.336875,0.00975,85,3.125,FALSE,FALSE,FALSE,FALSE,FALSE,FALSE,FALSE,FALSE,FALSE,FALSE,FALSE,FALSE
S14598_2006_2010,2006_2010,24.5,0.0455,13325,40.75,0.35,0.358,0.008,0.01075,0.7575,0.03775,143.5,4.75,FALSE,FALSE,FALSE,FALSE,FALSE,FALSE,FALSE,FALSE,FALSE,FALSE,FALSE,FALSE
S14601_2006_2010,2006_2010,20,0.01925,9216.5,7.275,0.536,0.53925,0.004,0.012375,0.930125,0.029875,102,6.375,FALSE,FALSE,FALSE,FALSE,FALSE,FALSE,FALSE,FALSE,FALSE,FALSE,FALSE,FALSE
S14686_2001_2005,2001_2005,55,0.0302,14275,9.283333333,0.503,0.503666667,0.00267,0.0113,0.780166667,0.0303,65.66666667,6,FALSE,FALSE,FALSE,FALSE,FALSE,FALSE,TRUE,FALSE,FALSE,FALSE,FALSE,FALSE
S14720_2011_2015,2011_2015,4.5,0.0106,2470,6.04,0.16575,0.16635,0.0021,0.0038,0.29105,0.01505,45,11.85,FALSE,FALSE,FALSE,FALSE,FALSE,FALSE,TRUE,FALSE,FALSE,FALSE,FALSE,FALSE
S14721_2001_2005,2001_2005,13.33333333,0.00667,9676.666667,10.16666667,0.296333333,0.297,0.00267,0.014,0.578333333,0.0383,95.33333333,1.666666667,FALSE,FALSE,FALSE,FALSE,FALSE,FALSE,TRUE,FALSE,FALSE,FALSE,FALSE,TRUE
S14741_2001_2005,2001_2005,142,0.0175,45250,51.45,0.4305,0.4305,0.003,0.017,0.699,0.064,249,2,FALSE,FALSE,FALSE,FALSE,FALSE,FALSE,TRUE,FALSE,FALSE,FALSE,FALSE,TRUE
S14825_2011_2015,2011_2015,34,0.022625,13675,61.5,0.682875,0.6895,0.007125,0.010875,1.122375,0.03025,215.75,3.25,FALSE,FALSE,FALSE,FALSE,FALSE,FALSE,FALSE,FALSE,FALSE,FALSE,FALSE,FALSE
S14839_2001_2005,2001_2005,34,0.004,17800,22.6,1.695,1.7,0.005,0.011,2.094,0.021,106,2,FALSE,FALSE,FALSE,FALSE,FALSE,FALSE,FALSE,FALSE,FALSE,FALSE,FALSE,FALSE
S14840_2001_2005,2001_2005,2,0.003,1580,2.51,0.1,0.1,0.003,0.004,0.124,0.005,32,2,TRUE,TRUE,FALSE,FALSE,FALSE,FALSE,TRUE,FALSE,FALSE,FALSE,FALSE,TRUE
S14841_2001_2005,2001_2005,8,0.003,5080,18.3,0.1625,0.1765,0.014,0.0015,0.2535,0.0115,64,1.5,FALSE,TRUE,FALSE,FALSE,FALSE,FALSE,FALSE,FALSE,FALSE,FALSE,FALSE,TRUE
S14842_2001_2005,2001_2005,15.5,0.008,5895,14.325,0.105,0.105,0.003,0.00425,0.22575,0.00325,50.5,2.5,FALSE,FALSE,FALSE,FALSE,FALSE,FALSE,TRUE,FALSE,FALSE,FALSE,FALSE,FALSE
S14843_2001_2005,2001_2005,9.5,0.003,4230,7.5,0.03525,0.03525,0.003,0.00525,0.1915,0.0075,46,2.5,FALSE,TRUE,FALSE,FALSE,FALSE,FALSE,TRUE,FALSE,FALSE,FALSE,FALSE,FALSE
S14844_2001_2005,2001_2005,12.5,0.003,5990,16.9,0.003,0.003,0.003,0.013,0.1765,0.0465,44,1.5,FALSE,TRUE,FALSE,FALSE,TRUE,TRUE,TRUE,FALSE,FALSE,FALSE,FALSE,TRUE
S14845_2001_2005,2001_2005,38,0.003,12400,10.4,0.003,0.003,0.003,0.012,0.127,0.2,74,2,FALSE,TRUE,FALSE,FALSE,TRUE,TRUE,TRUE,FALSE,FALSE,FALSE,FALSE,TRUE
S14846_2001_2005,2001_2005,22,0.003,8080,8,0.08,0.08,0.003,0.02,0.566,0.033,34,2,FALSE,TRUE,FALSE,FALSE,FALSE,FALSE,TRUE,FALSE,FALSE,FALSE,FALSE,FALSE
S14848_2001_2005,2001_2005,27.2,0.0254,12305,41.8,0.5357,0.5444,0.0093,0.0396,1.003,0.0731,35.5,7.1,FALSE,FALSE,FALSE,FALSE,FALSE,FALSE,FALSE,FALSE,FALSE,FALSE,FALSE,FALSE
S14849_2001_2005,2001_2005,38,0.003,14200,21.4,0.428,0.43,0.002,0.016,0.911,0.057,94,3,FALSE,TRUE,FALSE,FALSE,FALSE,FALSE,TRUE,FALSE,FALSE,FALSE,FALSE,FALSE
S14850_2001_2005,2001_2005,10,0.007,7930,26.3,0.472,0.474,0.002,0.016,0.562,0.034,18,2,FALSE,FALSE,FALSE,FALSE,FALSE,FALSE,TRUE,FALSE,FALSE,FALSE,FALSE,FALSE
S14851_2001_2005,2001_2005,45.5,0.003,19750,29.35,0.076,0.077,0.0025,0.008,0.3565,0.014,121,2.5,FALSE,TRUE,FALSE,FALSE,FALSE,FALSE,TRUE,FALSE,FALSE,FALSE,FALSE,FALSE
S14852_2001_2005,2001_2005,15,0.0035,11650,41.35,0.6575,0.66,0.0025,0.0025,0.8405,0.004,43,2,FALSE,FALSE,FALSE,FALSE,FALSE,FALSE,TRUE,FALSE,FALSE,FALSE,FALSE,TRUE
S14853_2001_2005,2001_2005,75,0.009,22750,57.55,0.4055,0.4075,0.0035,0.052,0.7195,0.0635,164,2.5,FALSE,FALSE,FALSE,FALSE,FALSE,FALSE,FALSE,FALSE,FALSE,FALSE,FALSE,FALSE
S14854_2001_2005,2001_2005,10,0.003,7060,29.2,0.268,0.268,0.003,0.01,0.391,0.019,64,3,FALSE,TRUE,FALSE,FALSE,FALSE,FALSE,TRUE,FALSE,FALSE,FALSE,FALSE,FALSE
S14856_2001_2005,2001_2005,5,0.003,2820,10,0.0095,0.0095,0.003,0.0015,0.1705,0.004,17,3,FALSE,TRUE,FALSE,FALSE,FALSE,FALSE,TRUE,FALSE,FALSE,FALSE,FALSE,FALSE
S14857_2001_2005,2001_2005,2,0.003,3580,12,0.29,0.29,0.003,0.003,0.364,0.005,6,1,FALSE,TRUE,FALSE,FALSE,FALSE,FALSE,TRUE,FALSE,FALSE,FALSE,TRUE,TRUE
S14858_2001_2005,2001_2005,6,0.004,4710,16.8,0.684,0.684,0.003,0.013,1.117,0.024,60,4,FALSE,FALSE,FALSE,FALSE,FALSE,FALSE,TRUE,FALSE,FALSE,FALSE,FALSE,FALSE
S14859_2001_2005,2001_2005,7.5,0.003,6235,9.25,0.006,0.006,0.003,0.006,0.375,0.01,47,1.5,FALSE,TRUE,FALSE,FALSE,FALSE,FALSE,TRUE,FALSE,FALSE,FALSE,FALSE,TRUE
S14860_2001_2005,2001_2005,6.5,0.003,5350,15.5,0.415,0.415,0.003,0.002,0.633,0.0045,62,2.5,FALSE,TRUE,FALSE,FALSE,FALSE,FALSE,TRUE,FALSE,FALSE,FALSE,FALSE,FALSE
S14861_2001_2005,2001_2005,21,0.003,4950,8.6,0.003,0.003,0.003,0.003,0.188,0.007,48,2,FALSE,TRUE,FALSE,FALSE,TRUE,TRUE,TRUE,FALSE,FALSE,FALSE,FALSE,TRUE
S14862_2001_2005,2001_2005,2,0.003,4830,7.9,0.003,0.003,0.003,0.006,0.2935,0.0085,36,3,TRUE,TRUE,FALSE,FALSE,TRUE,TRUE,TRUE,FALSE,FALSE,FALSE,FALSE,FALSE
S14863_2001_2005,2001_2005,2,0.003,1370,4.25,0.003,0.003,0.003,0.0015,0.0255,0.0065,43,2,TRUE,TRUE,FALSE,FALSE,TRUE,TRUE,TRUE,FALSE,FALSE,FALSE,FALSE,TRUE
S14865_2001_2005,2001_2005,3.5,0.003,5960,22.55,0.545,0.545,0.003,0.004,0.656,0.0095,78,1.5,FALSE,TRUE,FALSE,FALSE,FALSE,FALSE,TRUE,FALSE,FALSE,FALSE,FALSE,TRUE
S14866_2001_2005,2001_2005,7,0.003,3310,7.5,0.511,0.513,0.002,0.003,0.764,0.008,70,2,FALSE,TRUE,FALSE,FALSE,FALSE,FALSE,TRUE,FALSE,FALSE,FALSE,FALSE,TRUE
S14866_2011_2015,2011_2015,16.6,0.0144,5416,9.52,0.0712,0.0726,0.0032,0.0092,0.3936,0.0312,72.4,8.6,FALSE,FALSE,FALSE,FALSE,FALSE,FALSE,FALSE,FALSE,FALSE,FALSE,FALSE,FALSE
S14878_2001_2005,2001_2005,6,0.003,5350,14.3,0.399,0.399,0.003,0.007,0.579,0.016,102,2,FALSE,TRUE,FALSE,FALSE,FALSE,FALSE,TRUE,FALSE,FALSE,FALSE,FALSE,TRUE
S14879_2001_2005,2001_2005,10,0.003,6900,25.8,0.467,0.467,0.003,0.003,0.54,0.012,76,2,FALSE,TRUE,FALSE,FALSE,FALSE,FALSE,TRUE,FALSE,FALSE,FALSE,FALSE,TRUE
S14880_2001_2005,2001_2005,2,0.003,1990,1.5,0.002,0.002,0.003,0.001,0.008,0.003,36,2,TRUE,TRUE,FALSE,FALSE,TRUE,TRUE,TRUE,TRUE,TRUE,FALSE,FALSE,TRUE
S14888_2001_2005,2001_2005,14,0.0125,6230,11.65,0.871,0.882,0.0025,0.014,1.1655,0.052,66,2,FALSE,FALSE,FALSE,FALSE,FALSE,FALSE,TRUE,FALSE,FALSE,FALSE,FALSE,TRUE
S14996_2001_2005,2001_2005,28.66666667,0.032,17666.66667,22.86666667,0.379333333,0.379333333,0.003,0.0267,0.656666667,0.046,140.6666667,4,FALSE,FALSE,FALSE,FALSE,FALSE,FALSE,TRUE,FALSE,FALSE,FALSE,FALSE,FALSE
S14997_2001_2005,2001_2005,12.66666667,0.011,4236.666667,10.93333333,0.300333333,0.300333333,0.003,0.0303,0.378,0.0293,42.66666667,1.666666667,FALSE,FALSE,FALSE,FALSE,FALSE,FALSE,TRUE,FALSE,FALSE,FALSE,FALSE,TRUE
S14998_2001_2005,2001_2005,15,0.011,4128.333333,11.23333333,0.0217,0.0217,0.003,0.00383,0.264666667,0.0157,52.33333333,3.666666667,FALSE,FALSE,FALSE,FALSE,FALSE,FALSE,TRUE,FALSE,FALSE,FALSE,FALSE,FALSE
S14999_2001_2005,2001_2005,20.66666667,0.0847,9503.333333,17.73333333,1.319333333,1.33,0.0117,0.0547,1.662666667,0.0987,106.3333333,4.666666667,FALSE,FALSE,FALSE,FALSE,FALSE,FALSE,FALSE,FALSE,FALSE,FALSE,FALSE,FALSE
S15000_2001_2005,2001_2005,58,0.014,12390,5.133333333,0.0923,0.093,0.00267,0.009,0.319666667,0.0307,92,9.666666667,FALSE,FALSE,FALSE,FALSE,FALSE,FALSE,TRUE,FALSE,FALSE,FALSE,FALSE,FALSE
S15001_2001_2005,2001_2005,2,0.0127,1032.333333,2.066666667,0.00333,0.00333,0.003,0.001,0.149666667,0.00867,60,1.666666667,TRUE,FALSE,FALSE,FALSE,FALSE,FALSE,TRUE,TRUE,FALSE,FALSE,FALSE,TRUE
S15003_2001_2005,2001_2005,27.66666667,0.00867,11146.66667,18.96666667,0.530666667,0.530666667,0.003,0.021,0.818,0.0717,90,10,FALSE,FALSE,FALSE,FALSE,FALSE,FALSE,TRUE,FALSE,FALSE,FALSE,FALSE,FALSE
S15004_2001_2005,2001_2005,117,0.02575,30325.02583,31.625,0.4655,0.46675,0.0035,0.00875,0.7,0.022,205,4.25,FALSE,FALSE,FALSE,FALSE,FALSE,FALSE,FALSE,FALSE,FALSE,FALSE,FALSE,FALSE
S15005_2001_2005,2001_2005,33.5,0.01175,10875,8.3,0.14075,0.14075,0.003,0.01,0.305,0.015,69.5,1.75,FALSE,FALSE,FALSE,FALSE,FALSE,FALSE,TRUE,FALSE,FALSE,FALSE,FALSE,TRUE
S15006_2001_2005,2001_2005,34.5,0.0292,16233.33333,39.21666667,1.985,1.99,0.006,0.223333333,1.651833333,0.256666667,166.3333333,2.333333333,FALSE,FALSE,FALSE,FALSE,FALSE,FALSE,FALSE,FALSE,FALSE,FALSE,FALSE,FALSE
S15007_2001_2005,2001_2005,11.33333333,0.006,6493.333333,9.533333333,0.270666667,0.270666667,0.003,0.00533,0.534,0.0223,37.33333333,1.333333333,FALSE,FALSE,FALSE,FALSE,FALSE,FALSE,TRUE,FALSE,FALSE,FALSE,FALSE,TRUE
S15008_2001_2005,2001_2005,7.333333333,0.014,3743.333333,15.7,0.257333333,0.258333333,0.003,0.00267,0.516666667,0.0357,28,1.333333333,FALSE,FALSE,FALSE,FALSE,FALSE,FALSE,TRUE,FALSE,FALSE,FALSE,FALSE,TRUE
S15010_2001_2005,2001_2005,4,0.0283,8336.666667,47.3,0.244666667,0.244666667,0.003,0.00333,0.448666667,0.0227,146,2,FALSE,FALSE,FALSE,FALSE,FALSE,FALSE,TRUE,FALSE,FALSE,FALSE,FALSE,TRUE
S15011_2001_2005,2001_2005,6.666666667,0.00933,3123.333333,3.683333333,0.101,0.101,0.003,0.00267,0.410166667,0.0293,43,5.833333333,FALSE,FALSE,FALSE,FALSE,FALSE,FALSE,TRUE,FALSE,FALSE,FALSE,FALSE,FALSE
S15012_2001_2005,2001_2005,22.25,0.01325,9925,18.475,0.52375,0.52525,0.003,0.00625,0.63475,0.025,74.5,3.25,FALSE,FALSE,FALSE,FALSE,FALSE,FALSE,TRUE,FALSE,FALSE,FALSE,FALSE,FALSE
S15013_2001_2005,2001_2005,59.33333333,0.0202,23950,17.06666667,0.827666667,0.8305,0.00383,0.0197,0.966,0.035,124,1.666666667,FALSE,FALSE,FALSE,FALSE,FALSE,FALSE,FALSE,FALSE,FALSE,FALSE,FALSE,TRUE
S15014_2001_2005,2001_2005,4.666666667,0.0173,3006.666667,6.966666667,0.0663,0.0663,0.003,0.004,0.154,0.022,54,2,FALSE,FALSE,FALSE,FALSE,FALSE,FALSE,TRUE,FALSE,FALSE,FALSE,FALSE,TRUE
S15015_2001_2005,2001_2005,15.33333333,0.113666667,8513.333333,13.1,0.859,0.880333333,0.0223,0.0873,1.139333333,0.118,88,3,FALSE,FALSE,FALSE,FALSE,FALSE,FALSE,FALSE,FALSE,FALSE,FALSE,FALSE,FALSE
S15016_2001_2005,2001_2005,115.3333333,0.0153,39900,50.26666667,0.375333333,0.376333333,0.003,0.0147,0.665,0.103666667,258,3.666666667,FALSE,FALSE,FALSE,FALSE,FALSE,FALSE,TRUE,FALSE,FALSE,FALSE,FALSE,FALSE
S15017_2001_2005,2001_2005,10.33333333,0.004,7103.333333,18.56666667,0.586,0.586,0.003,0.00167,0.576333333,0.0517,55.33333333,3,FALSE,FALSE,FALSE,FALSE,FALSE,FALSE,TRUE,FALSE,FALSE,FALSE,FALSE,FALSE
S15018_2001_2005,2001_2005,70.66666667,0.0207,24066.66667,24.8,1.312666667,1.322,0.0103,0.027,1.153333333,0.032,194,1.333333333,FALSE,FALSE,FALSE,FALSE,FALSE,FALSE,FALSE,FALSE,FALSE,FALSE,FALSE,TRUE
S15020_2001_2005,2001_2005,10,0.00875,5682.5,11.05,0.1365,0.1365,0.003,0.00375,0.318,0.0405,80.5,2,FALSE,FALSE,FALSE,FALSE,FALSE,FALSE,TRUE,FALSE,FALSE,FALSE,FALSE,TRUE
S15022_2001_2005,2001_2005,25,0.017,9380,14.13333333,0.199,0.2,0.003,0.0143,0.4755,0.0818,166.6666667,1.833333333,FALSE,FALSE,FALSE,FALSE,FALSE,FALSE,TRUE,FALSE,FALSE,FALSE,FALSE,TRUE
S15023_2001_2005,2001_2005,79.66666667,0.0107,27533.33333,14.73333333,1.895333333,1.900666667,0.00533,0.0203,1.623,0.0337,192.6666667,4.666666667,FALSE,FALSE,FALSE,FALSE,FALSE,FALSE,FALSE,FALSE,FALSE,FALSE,FALSE,FALSE
S15024_2001_2005,2001_2005,11.5,0.0045,6870,12.5,0.1615,0.1615,0.003,0.011,0.3185,0.0295,32,2.5,FALSE,FALSE,FALSE,FALSE,FALSE,FALSE,TRUE,FALSE,FALSE,FALSE,FALSE,FALSE
S15051_2011_2015,2011_2015,33,0.0273,19000,24.26666667,1.429333333,1.44,0.0117,0.0463,1.878,0.104666667,173.3333333,16,FALSE,FALSE,FALSE,FALSE,FALSE,FALSE,FALSE,FALSE,FALSE,FALSE,FALSE,FALSE
S15063_2006_2010,2006_2010,20.25,0.00425,7912.5,25.025,0.183,0.292,0.004,0.00225,0.33075,0.007,103.5,2.5,FALSE,FALSE,FALSE,FALSE,FALSE,FALSE,FALSE,FALSE,FALSE,FALSE,FALSE,FALSE
S15102_2006_2010,2006_2010,34,0.036,14825,24.675,0.619,0.545,0.0075,0.00825,0.85225,0.032,131.5,14.5,FALSE,FALSE,FALSE,FALSE,FALSE,FALSE,FALSE,FALSE,FALSE,FALSE,FALSE,FALSE
S15115_2006_2010,2006_2010,26,0.021,8635,15,0.121,0.123,0.002,0.003,0.3205,0.0125,51,3,FALSE,FALSE,FALSE,FALSE,FALSE,FALSE,TRUE,FALSE,FALSE,FALSE,FALSE,FALSE
S15138_2006_2010,2006_2010,60,0.012,13900,13.57,0.013,0.013,0.003,0.002,0.246,0.008,106,2,FALSE,FALSE,FALSE,FALSE,FALSE,FALSE,TRUE,FALSE,FALSE,FALSE,FALSE,FALSE
S15169_2011_2015,2011_2015,35.25,0.0274,19625,75,0.3864,0.3942,0.0084,0.009,0.5092,0.0232,234.8,2.6,FALSE,FALSE,FALSE,FALSE,FALSE,FALSE,FALSE,FALSE,FALSE,FALSE,FALSE,FALSE
S15176_2011_2015,2011_2015,16.4,0.0093,6256,18.96,0.104,0.1043,0.0026,0.0059,0.2548,0.0154,90.6,2.8,FALSE,FALSE,FALSE,FALSE,FALSE,FALSE,TRUE,FALSE,FALSE,FALSE,FALSE,FALSE
S15201_2011_2015,2011_2015,95,0.02025,40575,69.15,1.20175,1.2055,0.0045,0.01225,1.3985,0.02225,302,20,FALSE,FALSE,FALSE,FALSE,FALSE,FALSE,FALSE,FALSE,FALSE,FALSE,FALSE,FALSE
S15304_2006_2010,2006_2010,45,0.01075,29950,101.3,0.8305,0.83125,0.003,0.01175,0.96525,0.01475,288.6666667,2,FALSE,FALSE,FALSE,FALSE,FALSE,FALSE,TRUE,FALSE,FALSE,FALSE,FALSE,TRUE
S15375_2006_2010,2006_2010,32.5,0.0105,11350,20.5,0.315,0.316,0.0025,0.0085,0.542,0.013,100,2,FALSE,FALSE,FALSE,FALSE,FALSE,FALSE,TRUE,FALSE,FALSE,FALSE,FALSE,TRUE
S15413_2011_2015,2011_2015,108.75,0.0162,38275,47.85,0.888,0.8912,0.004,0.0156,1.1188,0.0276,244,17.2,FALSE,FALSE,FALSE,FALSE,FALSE,FALSE,FALSE,FALSE,FALSE,FALSE,FALSE,FALSE
S15499_2006_2010,2006_2010,10.5,0.0135,4210,18.75,0.124,0.1245,0.003,0.004,0.25,0.01,69,3,FALSE,FALSE,FALSE,FALSE,FALSE,FALSE,TRUE,FALSE,FALSE,FALSE,FALSE,FALSE
S15528_2006_2010,2006_2010,62,0.003,15700,7.18,0.152,0.152,0.003,0.004,0.407,0.019,114,2,FALSE,TRUE,FALSE,FALSE,FALSE,FALSE,TRUE,FALSE,FALSE,FALSE,FALSE,TRUE
S15543_2006_2010,2006_2010,35.33333333,0.0123,18933.33333,12.9,0.519666667,0.671,0.00333,0.00833,0.749,0.022,119.3333333,2.666666667,FALSE,FALSE,FALSE,FALSE,FALSE,FALSE,FALSE,FALSE,FALSE,FALSE,FALSE,FALSE
S15576_2006_2010,2006_2010,30,0.011,14400,17.97,0.932,0.932,0.003,0.008,0.993,0.011,116,8,FALSE,FALSE,FALSE,FALSE,FALSE,FALSE,TRUE,FALSE,FALSE,FALSE,FALSE,FALSE
S15680_2006_2010,2006_2010,5,0.008,2860,7.8,0.015,0.015,0.003,0.004,0.2,0.017,56,13,FALSE,FALSE,FALSE,FALSE,FALSE,FALSE,TRUE,FALSE,FALSE,FALSE,FALSE,FALSE
S15703_2011_2015,2011_2015,11.33333333,0.0095,4676.666667,26.16666667,0.187875,0.187875,0.002,0.00825,0.313875,0.011,95.75,4.375,FALSE,FALSE,FALSE,FALSE,FALSE,FALSE,TRUE,FALSE,FALSE,FALSE,FALSE,FALSE
S15719_2011_2015,2011_2015,14.5,0.013,6520,12.65,0.118,0.118,0.003,0.018,0.364,0.0365,35,7,FALSE,FALSE,FALSE,FALSE,FALSE,FALSE,TRUE,FALSE,FALSE,FALSE,FALSE,FALSE
S15794_2006_2010,2006_2010,14.66666667,0.011,5556.666667,16.8,0.0753,0.0783,0.004,0.00733,0.274666667,0.0153,75.33333333,2.333333333,FALSE,FALSE,FALSE,FALSE,FALSE,FALSE,FALSE,FALSE,FALSE,FALSE,FALSE,FALSE
S15796_2011_2015,2011_2015,7.5,0.0137,3674.9,8.27,0.05835,0.06005,0.003,0.00825,0.3576,0.02465,69.3,13.2,FALSE,FALSE,FALSE,FALSE,FALSE,FALSE,TRUE,FALSE,FALSE,FALSE,FALSE,FALSE
S15837_2011_2015,2011_2015,19,0.01,6660,24.8,0.1105,0.112,0.003,0.0075,0.271,0.0145,76,2,FALSE,FALSE,FALSE,FALSE,FALSE,FALSE,TRUE,FALSE,FALSE,FALSE,FALSE,FALSE
S15858_2011_2015,2011_2015,28.33333333,0.025,14100,41.53333333,0.495,0.496333333,0.00333,0.007,0.625333333,0.0203,184,5.333333333,FALSE,FALSE,FALSE,FALSE,FALSE,FALSE,FALSE,FALSE,FALSE,FALSE,FALSE,FALSE
S15987_2006_2010,2006_2010,83,0.14,34100,45.07,2.85,2.89,0.04,0.294,2.9,0.366,244,5,FALSE,FALSE,FALSE,FALSE,FALSE,FALSE,FALSE,FALSE,FALSE,FALSE,FALSE,FALSE
S15988_2006_2010,2006_2010,28.504,0.00983,8450,12.86725,0.21925,0.221583333,0.00333,0.04775,0.507833333,0.0812,95.33333333,9.333333333,FALSE,FALSE,FALSE,FALSE,FALSE,FALSE,FALSE,FALSE,FALSE,FALSE,FALSE,FALSE
S15989_2006_2010,2006_2010,10,0.003,4390,22.77,0.059,0.059,0.003,0.001,0.232,0.009,80,3,FALSE,TRUE,FALSE,FALSE,FALSE,FALSE,TRUE,TRUE,FALSE,FALSE,FALSE,FALSE
S15990_2006_2010,2006_2010,15,0.003,NA,63.01,0.141,0.141,0.003,0.002,0.303,0.008,178,10,FALSE,TRUE,FALSE,FALSE,FALSE,FALSE,TRUE,FALSE,FALSE,FALSE,FALSE,FALSE
S15991_2006_2010,2006_2010,34,0.008,15100,23.55,1.036,1.04,0.004,0.009,1.135,0.017,126,4,FALSE,FALSE,FALSE,FALSE,FALSE,FALSE,FALSE,FALSE,FALSE,FALSE,FALSE,FALSE
S15992_2006_2010,2006_2010,8,0.005,2830,10.54,0.156,0.16,0.004,0.005,0.19,0.011,52,7,FALSE,FALSE,FALSE,FALSE,FALSE,FALSE,FALSE,FALSE,FALSE,FALSE,FALSE,FALSE
S15993_2011_2015,2011_2015,44,0.018,21600,109.7,1.879,1.9,0.021,0.025,2.45,0.048,304,3,FALSE,FALSE,FALSE,FALSE,FALSE,FALSE,FALSE,FALSE,FALSE,FALSE,FALSE,FALSE
S15996_2006_2010,2006_2010,41,0.01,12800,33,0.648,0.648,0.003,0.016,0.667,0.014,134,2,FALSE,FALSE,FALSE,FALSE,FALSE,FALSE,TRUE,FALSE,FALSE,FALSE,FALSE,TRUE
S15997_2006_2010,2006_2010,141,0.0173,35033.33333,40.11333333,0.118666667,0.120666667,0.003,0.006,0.302333333,0.0143,255.3333333,26.33333333,FALSE,FALSE,FALSE,FALSE,FALSE,FALSE,TRUE,FALSE,FALSE,FALSE,FALSE,FALSE
S15999_2006_2010,2006_2010,60,0.014,NA,28.82,1.25,1.25,0.003,0.022,1.368,0.039,166,11,FALSE,FALSE,FALSE,FALSE,FALSE,FALSE,TRUE,FALSE,FALSE,FALSE,FALSE,FALSE
S16002_2006_2010,2006_2010,49,0.021,21250,28.1,0.505,0.51,0.005,0.054,0.815,0.079,172,3,FALSE,FALSE,FALSE,FALSE,FALSE,FALSE,FALSE,FALSE,FALSE,FALSE,FALSE,FALSE
S16004_2006_2010,2006_2010,73,0.016,16300,7.43,0.015,0.015,0.003,0.003,0.196,0.006,100,9,FALSE,FALSE,FALSE,FALSE,FALSE,FALSE,TRUE,FALSE,FALSE,FALSE,FALSE,FALSE
S16013_2006_2010,2006_2010,14,0.003,5240,10,0.072,0.072,0.003,0.014,0.366,0.029,68,2,FALSE,TRUE,FALSE,FALSE,FALSE,FALSE,TRUE,FALSE,FALSE,FALSE,FALSE,FALSE
S16022_2006_2010,2006_2010,30,0.016,9660,14.93,0.116,0.116,0.003,0.013,0.334,0.012,92,2,FALSE,FALSE,FALSE,FALSE,FALSE,FALSE,TRUE,FALSE,FALSE,FALSE,FALSE,TRUE
S16022_2011_2015,2011_2015,22.66666667,0.0133,12020,29.96666667,0.327333333,0.329,0.00367,0.0127,0.432333333,0.0273,130,5,FALSE,FALSE,FALSE,FALSE,FALSE,FALSE,FALSE,FALSE,FALSE,FALSE,FALSE,FALSE
S16025_2006_2010,2006_2010,46,0.03,20700,48.61,1.77,1.78,0.01,0.023,1.939,0.029,220,2,FALSE,FALSE,FALSE,FALSE,FALSE,FALSE,FALSE,FALSE,FALSE,FALSE,FALSE,FALSE
S16049_2011_2015,2011_2015,48,0.082,22100,110.6,1.93,1.96,0.03,0.029,0.195,0.069,308,6,FALSE,FALSE,FALSE,FALSE,FALSE,FALSE,FALSE,FALSE,FALSE,FALSE,FALSE,FALSE
S16062_2006_2010,2006_2010,87.5,0.0205,35650,68.95,0.9765,0.985,0.0085,0.0225,1.287,0.042,328,11.5,FALSE,FALSE,FALSE,FALSE,FALSE,FALSE,FALSE,FALSE,FALSE,FALSE,FALSE,FALSE
S16063_2006_2010,2006_2010,55.66666667,0.0117,15333.33333,14.63333333,0.056,0.075,0.00267,0.00467,0.302,0.015,104.6666667,3,FALSE,FALSE,FALSE,FALSE,FALSE,FALSE,TRUE,FALSE,FALSE,FALSE,FALSE,FALSE
S16064_2006_2010,2006_2010,105,0.02125,56500,16.05,0.055,0.056,0.0025,0.01425,0.323,0.0205,190.5,13.5,FALSE,FALSE,FALSE,FALSE,FALSE,FALSE,TRUE,FALSE,FALSE,FALSE,FALSE,FALSE
S16065_2006_2010,2006_2010,136.5,0.009,32550,37.6,0.755,0.7605,0.0055,0.007,1.0745,0.028,240,32,FALSE,FALSE,FALSE,FALSE,FALSE,FALSE,FALSE,FALSE,FALSE,FALSE,FALSE,FALSE
S16066_2006_2010,2006_2010,31.454625,0.032625,12900,27.34375,0.722625,0.73325,0.010625,0.13475,0.969125,0.156875,119.3333333,2.75,FALSE,FALSE,FALSE,FALSE,FALSE,FALSE,FALSE,FALSE,FALSE,FALSE,FALSE,FALSE
S16067_2006_2010,2006_2010,29,0.0115,8685,17.4,0.158,0.1595,0.003,0.003,0.3195,0.0095,96,4.5,FALSE,FALSE,FALSE,FALSE,FALSE,FALSE,TRUE,FALSE,FALSE,FALSE,FALSE,FALSE
S16068_2006_2010,2006_2010,98.5,0.0045,23050,15.95,0.113,0.113,0.003,0.01,0.3125,0.0215,166,15,FALSE,FALSE,FALSE,FALSE,FALSE,FALSE,TRUE,FALSE,FALSE,FALSE,FALSE,FALSE
S16069_2006_2010,2006_2010,14.5,0.005,5315,12.65,0.3425,0.3425,0.003,0.005,0.379,0.003,78,2,FALSE,FALSE,FALSE,FALSE,FALSE,FALSE,TRUE,FALSE,FALSE,FALSE,FALSE,TRUE
S16070_2006_2010,2006_2010,12,0.00667,5636.666667,17.63333333,0.179333333,0.185333333,0.007,0.002,0.352666667,0.008,77.33333333,3.333333333,FALSE,FALSE,FALSE,FALSE,FALSE,FALSE,FALSE,FALSE,FALSE,FALSE,FALSE,FALSE
S16071_2006_2010,2006_2010,40.78425,0.05425,19225,43.8225,1.49225,1.5105,0.01825,0.13175,2.038,0.21625,219,5.25,FALSE,FALSE,FALSE,FALSE,FALSE,FALSE,FALSE,FALSE,FALSE,FALSE,FALSE,FALSE
S16072_2006_2010,2006_2010,12,0.007,5110,10.5,0.231,0.2335,0.004,0.0065,0.4545,0.023,85,12,FALSE,FALSE,FALSE,FALSE,FALSE,FALSE,FALSE,FALSE,FALSE,FALSE,FALSE,FALSE
S16073_2006_2010,2006_2010,35.184,0.0205,15950,44.865,0.9175,0.922,0.0045,0.014,1.003,0.021,186,3,FALSE,FALSE,FALSE,FALSE,FALSE,FALSE,FALSE,FALSE,FALSE,FALSE,FALSE,FALSE
S16074_2006_2010,2006_2010,30.18725,0.01,10870,16.63,0.2615,0.2615,0.003,0.00475,0.43575,0.01075,98.5,3,FALSE,FALSE,FALSE,FALSE,FALSE,FALSE,TRUE,FALSE,FALSE,FALSE,FALSE,FALSE
S16075_2006_2010,2006_2010,14.5,0.006,5100,9.26,0.067,0.067,0.003,0.007,0.187,0.009,37,2.5,FALSE,FALSE,FALSE,FALSE,FALSE,FALSE,TRUE,FALSE,FALSE,FALSE,FALSE,FALSE
S16076_2006_2010,2006_2010,124,0.0108,34266.66667,30.36666667,0.529333333,0.534333333,0.005,0.00417,0.7935,0.0148,223,21.33333333,FALSE,FALSE,FALSE,FALSE,FALSE,FALSE,FALSE,FALSE,FALSE,FALSE,FALSE,FALSE
S16077_2006_2010,2006_2010,19.253,0.01375,7677.5,26.185,0.316,0.316,0.003,0.00375,0.42275,0.0045,115.5,4,FALSE,FALSE,FALSE,FALSE,FALSE,FALSE,TRUE,FALSE,FALSE,FALSE,FALSE,FALSE
S16078_2006_2010,2006_2010,18.5,0.0085,7075,21.075,0.3045,0.3045,0.003,0.00775,0.40025,0.006,105.5,3.5,FALSE,FALSE,FALSE,FALSE,FALSE,FALSE,TRUE,FALSE,FALSE,FALSE,FALSE,FALSE
S16079_2006_2010,2006_2010,8.5,0.0055,4170,6.735,0.0695,0.0695,0.0025,0.0045,0.3505,0.016,77,11.5,FALSE,FALSE,FALSE,FALSE,FALSE,FALSE,TRUE,FALSE,FALSE,FALSE,FALSE,FALSE
S16080_2006_2010,2006_2010,14,0.0035,3880,8.6,0.1505,0.1505,0.003,0.007,0.1825,0.0065,66,3,FALSE,FALSE,FALSE,FALSE,FALSE,FALSE,TRUE,FALSE,FALSE,FALSE,FALSE,FALSE
S16082_2006_2010,2006_2010,13,0.0185,7080,20.7,0.534,0.5355,0.003,0.011,0.717,0.005,59,3,FALSE,FALSE,FALSE,FALSE,FALSE,FALSE,TRUE,FALSE,FALSE,FALSE,FALSE,FALSE
S16122_2011_2015,2011_2015,8,0.0075,4350,14.6,0.21925,0.21925,0.002,0.007625,0.368125,0.01625,79.75,11.5,FALSE,FALSE,FALSE,FALSE,FALSE,FALSE,TRUE,FALSE,FALSE,FALSE,FALSE,FALSE
S16125_2011_2015,2011_2015,26,0.003,9130,1,0.021,0.021,0.003,0.005,0.115,0.008,46,2,FALSE,TRUE,FALSE,FALSE,FALSE,FALSE,TRUE,FALSE,FALSE,FALSE,FALSE,TRUE
S16191_2011_2015,2011_2015,33.5,0.003,12350,46.35,0.1185,0.1185,0.003,0.008,0.233,0.018,160,4.5,FALSE,TRUE,FALSE,FALSE,FALSE,FALSE,TRUE,FALSE,FALSE,FALSE,FALSE,FALSE
S16202_2011_2015,2011_2015,78,0.038,42250,49.75,0.2195,0.221,0.003,0.033,0.6655,0.0625,274,5.5,FALSE,FALSE,FALSE,FALSE,FALSE,FALSE,TRUE,FALSE,FALSE,FALSE,FALSE,FALSE
S16204_2006_2010,2006_2010,31.66666667,0.018,12000,26.03333333,0.482666667,0.485,0.00333,0.00967,0.643666667,0.0223,116,6.333333333,FALSE,FALSE,FALSE,FALSE,FALSE,FALSE,FALSE,FALSE,FALSE,FALSE,FALSE,FALSE
S16221_2011_2015,2011_2015,19.5,0.02775,7115,23.9,0.15025,0.15475,0.0045,0.00975,0.29025,0.0185,81,4.25,FALSE,FALSE,FALSE,FALSE,FALSE,FALSE,FALSE,FALSE,FALSE,FALSE,FALSE,FALSE
S16239_2011_2015,2011_2015,19,0.0127,6365,21.1,0.102,0.105666667,0.00467,0.00767,0.271333333,0.0107,68,3.666666667,FALSE,FALSE,FALSE,FALSE,FALSE,FALSE,FALSE,FALSE,FALSE,FALSE,FALSE,FALSE
S16258_2011_2015,2011_2015,25.66666667,0.01625,5670,17.3,0.0905,0.09525,0.0055,0.00525,0.23525,0.00725,74,4.25,FALSE,FALSE,FALSE,FALSE,FALSE,FALSE,FALSE,FALSE,FALSE,FALSE,FALSE,FALSE
S16268_2011_2015,2011_2015,31,0.0765,14450,44.8,0.431,0.435,0.0055,0.0175,0.725,0.0385,166,6,FALSE,FALSE,FALSE,FALSE,FALSE,FALSE,FALSE,FALSE,FALSE,FALSE,FALSE,FALSE
S16284_2006_2010,2006_2010,16.5,0.0185,9045,36.8,0.1765,0.1795,0.0035,0.003,0.4,0.0225,181,5.5,FALSE,FALSE,FALSE,FALSE,FALSE,FALSE,FALSE,FALSE,FALSE,FALSE,FALSE,FALSE
S16289_2006_2010,2006_2010,14,0.0225,5675,8.6,0.038,0.046,0.008,0.0065,0.5845,0.0205,80,6,FALSE,FALSE,FALSE,FALSE,FALSE,FALSE,FALSE,FALSE,FALSE,FALSE,FALSE,FALSE
S16293_2006_2010,2006_2010,5.5,0.0075,2315,5.05,0.0935,0.176,0.003,0.0035,0.2645,0.014,45,12,FALSE,FALSE,FALSE,FALSE,FALSE,FALSE,TRUE,FALSE,FALSE,FALSE,FALSE,FALSE
S16294_2006_2010,2006_2010,18,0.014,9080,15,0.2815,0.283,0.003,0.0075,0.5,0.023,119,2.5,FALSE,FALSE,FALSE,FALSE,FALSE,FALSE,TRUE,FALSE,FALSE,FALSE,FALSE,FALSE
S16297_2006_2010,2006_2010,10,0.013,4080,9.1,0.0815,0.0815,0.003,0.0035,0.1955,0.0095,52,8.5,FALSE,FALSE,FALSE,FALSE,FALSE,FALSE,TRUE,FALSE,FALSE,FALSE,FALSE,FALSE
S16300_2006_2010,2006_2010,17.75,0.0135,8857.5,26.275,0.198,0.20125,0.00325,0.00975,0.458,0.018,130,3.75,FALSE,FALSE,FALSE,FALSE,FALSE,FALSE,FALSE,FALSE,FALSE,FALSE,FALSE,FALSE
S16302_2006_2010,2006_2010,7.5,0.0215,4872.5,8.1,0.183,0.187,0.004,0.00725,0.59225,0.03225,95.5,22.25,FALSE,FALSE,FALSE,FALSE,FALSE,FALSE,FALSE,FALSE,FALSE,FALSE,FALSE,FALSE
S16305_2006_2010,2006_2010,15,0.0345,6575,6.6,0.403,0.4095,0.0065,0.037,0.9065,0.06,120,14.5,FALSE,FALSE,FALSE,FALSE,FALSE,FALSE,FALSE,FALSE,FALSE,FALSE,FALSE,FALSE
S16306_2006_2010,2006_2010,3,0.005,1775,1.45,0.0035,0.003,0.003,0.002,0.0685,0.0045,39,3,FALSE,FALSE,FALSE,FALSE,FALSE,TRUE,TRUE,FALSE,FALSE,FALSE,FALSE,FALSE
S16307_2006_2010,2006_2010,64,0.0295,27300,26.65,0.656,0.6625,0.0065,0.011,0.991,0.025,166,4.5,FALSE,FALSE,FALSE,FALSE,FALSE,FALSE,FALSE,FALSE,FALSE,FALSE,FALSE,FALSE
S16309_2006_2010,2006_2010,27.5,0.0215,11950,14.025,0.55675,0.566,0.00925,0.02525,0.974,0.042,120,2.75,FALSE,FALSE,FALSE,FALSE,FALSE,FALSE,FALSE,FALSE,FALSE,FALSE,FALSE,FALSE
S16317_2006_2010,2006_2010,20.5,0.026,9125,11.05,1.0055,1.009,0.0035,0.007,1.15,0.009,95,2,FALSE,FALSE,FALSE,FALSE,FALSE,FALSE,FALSE,FALSE,FALSE,FALSE,FALSE,TRUE
S16318_2006_2010,2006_2010,32.75,0.043,16975,64.475,1.817,1.82375,0.00675,0.5285,2.5025,0.589,251,3,FALSE,FALSE,FALSE,FALSE,FALSE,FALSE,FALSE,FALSE,FALSE,FALSE,FALSE,FALSE
S16319_2006_2010,2006_2010,29,0.0215,15125,71.675,3.149,1.75,0.006,0.8295,3.222,0.87425,221,3.25,FALSE,FALSE,FALSE,FALSE,FALSE,FALSE,FALSE,FALSE,FALSE,FALSE,FALSE,FALSE
S16322_2006_2010,2006_2010,41.25,0.02175,21450,41.975,1.25075,1.2545,0.00525,0.018,1.6315,0.042,210,4,FALSE,FALSE,FALSE,FALSE,FALSE,FALSE,FALSE,FALSE,FALSE,FALSE,FALSE,FALSE
S16323_2006_2010,2006_2010,77.33333333,0.0223,27533.33333,19.16666667,0.485333333,0.493333333,0.009,0.0293,0.868666667,0.056,190.6666667,9.333333333,FALSE,FALSE,FALSE,FALSE,FALSE,FALSE,FALSE,FALSE,FALSE,FALSE,FALSE,FALSE
S16325_2006_2010,2006_2010,101.25,0.01525,44525,81.9,0.463,0.553,0.00575,0.011,0.777,0.04025,424,25,FALSE,FALSE,FALSE,FALSE,FALSE,FALSE,FALSE,FALSE,FALSE,FALSE,FALSE,FALSE
S16326_2006_2010,2006_2010,79.5,0.0205,36650,47,0.7585,0.7615,0.0045,0.041,1.063,0.0705,253,13,FALSE,FALSE,FALSE,FALSE,FALSE,FALSE,FALSE,FALSE,FALSE,FALSE,FALSE,FALSE
S16327_2006_2010,2006_2010,111,0.006,34500,28.6,0.4715,0.476,0.0045,0.0045,0.712,0.0145,214,22.5,FALSE,FALSE,FALSE,FALSE,FALSE,FALSE,FALSE,FALSE,FALSE,FALSE,FALSE,FALSE
S16328_2006_2010,2006_2010,48,0.003,12700,1.9,0.092,0.098,0.006,0.008,0.144,0.008,78,2,FALSE,TRUE,FALSE,FALSE,FALSE,FALSE,FALSE,FALSE,FALSE,FALSE,FALSE,TRUE
S16329_2006_2010,2006_2010,111,0.0163,32566.66667,12.96666667,0.183333333,0.185666667,0.00333,0.007,0.318333333,0.0153,180.6666667,22.33333333,FALSE,FALSE,FALSE,FALSE,FALSE,FALSE,FALSE,FALSE,FALSE,FALSE,FALSE,FALSE
S16330_2006_2010,2006_2010,125,0.02775,40100,25.75,0.23125,0.238,0.007,0.1175,0.35825,0.014,226,35.5,FALSE,FALSE,FALSE,FALSE,FALSE,FALSE,FALSE,FALSE,FALSE,FALSE,FALSE,FALSE
S16332_2006_2010,2006_2010,32.5,0.026,10095,22.8,0.178,0.1815,0.0035,0.01,0.4695,0.0145,95,2,FALSE,FALSE,FALSE,FALSE,FALSE,FALSE,FALSE,FALSE,FALSE,FALSE,FALSE,TRUE
S16333_2006_2010,2006_2010,60.5,0.016,28200,59.6,1.1245,1.1255,0.003,0.008,1.3875,0.013,269,2,FALSE,FALSE,FALSE,FALSE,FALSE,FALSE,TRUE,FALSE,FALSE,FALSE,FALSE,TRUE
S16334_2006_2010,2006_2010,21,0.019,7435,17.95,0.158,0.159,0.003,0.0035,0.396,0.027,91,9.5,FALSE,FALSE,FALSE,FALSE,FALSE,FALSE,TRUE,FALSE,FALSE,FALSE,FALSE,FALSE
S16335_2006_2010,2006_2010,26,0.013,9450,17.3,0.5325,0.5345,0.0035,0.0215,0.7865,0.041,125,6,FALSE,FALSE,FALSE,FALSE,FALSE,FALSE,FALSE,FALSE,FALSE,FALSE,FALSE,FALSE
S16337_2006_2010,2006_2010,23,0.0095,11450,26.475,0.36725,0.326,0.00325,0.009,0.5145,0.01575,127.5,4.5,FALSE,FALSE,FALSE,FALSE,FALSE,FALSE,FALSE,FALSE,FALSE,FALSE,FALSE,FALSE
S16338_2006_2010,2006_2010,18.5,0.0205,5520,11,0.024,0.0245,0.003,0.008,0.191,0.0115,64,2,FALSE,FALSE,FALSE,FALSE,FALSE,FALSE,TRUE,FALSE,FALSE,FALSE,FALSE,TRUE
S16339_2006_2010,2006_2010,13.5,0.016,5640,6.45,0.2135,0.215,0.003,0.009,0.649,0.046,79,8.5,FALSE,FALSE,FALSE,FALSE,FALSE,FALSE,TRUE,FALSE,FALSE,FALSE,FALSE,FALSE
S16340_2006_2010,2006_2010,71.5,0.016,24500,25.9,0.075,0.075,0.003,0.008,0.3345,0.021,160,7.5,FALSE,FALSE,FALSE,FALSE,FALSE,FALSE,TRUE,FALSE,FALSE,FALSE,FALSE,FALSE
S16341_2006_2010,2006_2010,41,0.026,16550,27.9,0.3745,0.09,0.0105,0.018,1.0575,0.0375,162,8.5,FALSE,FALSE,FALSE,FALSE,FALSE,FALSE,FALSE,FALSE,FALSE,FALSE,FALSE,FALSE
S16344_2006_2010,2006_2010,30.5,0.017,10950,16,0.0415,0.043,0.003,0.006,0.2995,0.029,97,4,FALSE,FALSE,FALSE,FALSE,FALSE,FALSE,TRUE,FALSE,FALSE,FALSE,FALSE,FALSE
S16345_2006_2010,2006_2010,20,0.0205,9095,12.7,0.4335,0.441,0.0075,0.012,0.8765,0.032,110,8,FALSE,FALSE,FALSE,FALSE,FALSE,FALSE,FALSE,FALSE,FALSE,FALSE,FALSE,FALSE
S16346_2006_2010,2006_2010,63,0.0155,23600,54.85,0.5995,0.835,0.008,0.0375,0.9505,0.066,253,6.5,FALSE,FALSE,FALSE,FALSE,FALSE,FALSE,FALSE,FALSE,FALSE,FALSE,FALSE,FALSE
S16348_2006_2010,2006_2010,17,0.02375,6220,9.8,0.243,0.24925,0.00625,0.0135,0.63275,0.0335,77,16,FALSE,FALSE,FALSE,FALSE,FALSE,FALSE,FALSE,FALSE,FALSE,FALSE,FALSE,FALSE
S16372_2006_2010,2006_2010,5.5,0.014,3825,5.5,0.02,0.028,0.0095,0.0035,0.7505,0.011,110,2.5,FALSE,FALSE,FALSE,FALSE,FALSE,FALSE,FALSE,FALSE,FALSE,FALSE,FALSE,FALSE
S16428_2011_2015,2011_2015,24.5,0.011,11435,23.05,0.244,0.244,0.002,0.0075,0.3185,0.017,103,5.5,FALSE,FALSE,FALSE,FALSE,FALSE,FALSE,TRUE,FALSE,FALSE,FALSE,FALSE,FALSE
S16440_2011_2015,2011_2015,20.66666667,0.00475,8086.666667,15.8,0.1,0.103,0.004,0.016,0.29175,0.04225,79.5,3.25,FALSE,FALSE,FALSE,FALSE,FALSE,FALSE,FALSE,FALSE,FALSE,FALSE,FALSE,FALSE
S16524_2011_2015,2011_2015,73.5,0.013,20100,10.4,0.129,0.129,0.003,0.014,0.144,0.0335,135,16.5,FALSE,FALSE,FALSE,FALSE,FALSE,FALSE,TRUE,FALSE,FALSE,FALSE,FALSE,FALSE
S16583_2011_2015,2011_2015,54,0.011,17950,37.6,0.26225,0.263,0.002,0.0165,0.6395,0.0375,147.5,11.75,FALSE,FALSE,FALSE,FALSE,FALSE,FALSE,TRUE,FALSE,FALSE,FALSE,FALSE,FALSE
S16588_2011_2015,2011_2015,76.33333333,0.0497,32400,67.53333333,0.487666667,0.505333333,0.0177,0.024,0.827666667,0.0623,287.3333333,16.33333333,FALSE,FALSE,FALSE,FALSE,FALSE,FALSE,FALSE,FALSE,FALSE,FALSE,FALSE,FALSE
S16599_2011_2015,2011_2015,72.5,0.003,25450,39.25,0.62,0.62,0.003,0.015,0.6665,0.02,214,9.5,FALSE,TRUE,FALSE,FALSE,FALSE,FALSE,TRUE,FALSE,FALSE,FALSE,FALSE,FALSE
S16603_2011_2015,2011_2015,26,0.00733,9900,30.05,0.138,0.142333333,0.005,0.00467,0.364333333,0.0583,132,26,FALSE,FALSE,FALSE,FALSE,FALSE,FALSE,FALSE,FALSE,FALSE,FALSE,FALSE,FALSE
S16609_2006_2010,2006_2010,24,0.01,13450,11.1,6.2515,6.28,0.0085,0.053,5.559,0.065,169,5,FALSE,FALSE,FALSE,FALSE,FALSE,FALSE,FALSE,FALSE,FALSE,FALSE,FALSE,FALSE
S16881_2011_2015,2011_2015,71.33333333,0.0227,28966.66667,52.06666667,0.797666667,0.8,0.00367,0.014,1.025333333,0.02,256.6666667,3,FALSE,FALSE,FALSE,FALSE,FALSE,FALSE,FALSE,FALSE,FALSE,FALSE,FALSE,FALSE
S16885_2011_2015,2011_2015,16.33333333,0.0248,6738.333333,25.21666667,0.119666667,0.120666667,0.003,0.00883,0.3,0.0167,111,4.333333333,FALSE,FALSE,FALSE,FALSE,FALSE,FALSE,TRUE,FALSE,FALSE,FALSE,FALSE,FALSE
S16928_2011_2015,2011_2015,15.66666667,0.0123,7666.666667,13.5,0.286333333,0.286333333,0.003,0.01,0.432333333,0.0193,96.66666667,6.333333333,FALSE,FALSE,FALSE,FALSE,FALSE,FALSE,TRUE,FALSE,FALSE,FALSE,FALSE,FALSE
S16932_2006_2010,2006_2010,11,0.007,5455,7.45,0.1315,0.2315,0.0035,0.00575,0.374,0.03575,82,16.75,FALSE,FALSE,FALSE,FALSE,FALSE,FALSE,FALSE,FALSE,FALSE,FALSE,FALSE,FALSE
S16972_2011_2015,2011_2015,14.5,0.018,6310,11.35,0.1105,0.1105,0.003,0.007,0.1425,0.0135,70,4,FALSE,FALSE,FALSE,FALSE,FALSE,FALSE,TRUE,FALSE,FALSE,FALSE,FALSE,FALSE
S16984_2011_2015,2011_2015,32.33333333,0.005,15333.33333,29.26666667,0.753,0.753,0.00267,0.00967,0.815666667,0.035,168.6666667,16.66666667,FALSE,FALSE,FALSE,FALSE,FALSE,FALSE,TRUE,FALSE,FALSE,FALSE,FALSE,FALSE
S17061_2011_2015,2011_2015,13.5,0.0285,9555,14.45,0.10825,0.111,0.00375,0.0125,0.46425,0.0385,112,15.25,FALSE,FALSE,FALSE,FALSE,FALSE,FALSE,FALSE,FALSE,FALSE,FALSE,FALSE,FALSE
S17181_2011_2015,2011_2015,78.5,0.017,23450,36.6,0.0465,0.0465,0.003,0.005,0.327,0.029,201,9,FALSE,FALSE,FALSE,FALSE,FALSE,FALSE,TRUE,FALSE,FALSE,FALSE,FALSE,FALSE
S17271_2011_2015,2011_2015,9.666666667,0.03175,4315,24.66666667,0.116625,0.116625,0.002,0.0065,0.235625,0.01325,82,5.125,FALSE,FALSE,FALSE,FALSE,FALSE,FALSE,TRUE,FALSE,FALSE,FALSE,FALSE,FALSE
S17295_2011_2015,2011_2015,17.33333333,0.0102,4680,24.38333333,0.033,0.033,0.003,0.0045,0.201,0.0152,82.33333333,8.5,FALSE,FALSE,FALSE,FALSE,FALSE,FALSE,TRUE,FALSE,FALSE,FALSE,FALSE,FALSE
S17342_2011_2015,2011_2015,78,0.0175,29500,62.2,0.512,0.512,0.003,0.0075,0.6995,0.0275,268,12,FALSE,FALSE,FALSE,FALSE,FALSE,FALSE,TRUE,FALSE,FALSE,FALSE,FALSE,FALSE
S17398_2011_2015,2011_2015,10,0.00167,3055,4.55,0.0343,0.0367,0.00467,0.005,0.232,0.019,47.33333333,7.666666667,FALSE,TRUE,FALSE,FALSE,FALSE,FALSE,FALSE,FALSE,FALSE,FALSE,FALSE,FALSE
S17565_2011_2015,2011_2015,13.33333333,0.035,9920,65.56666667,0.0697,0.0713,0.00367,0.0127,0.445333333,0.0637,234,30.66666667,FALSE,FALSE,FALSE,FALSE,FALSE,FALSE,FALSE,FALSE,FALSE,FALSE,FALSE,FALSE
S17568_2011_2015,2011_2015,12.83333333,0.0132,6984.166667,29.85,0.132166667,0.132666667,0.0025,0.006,0.365166667,0.0202,142,6.416666667,FALSE,FALSE,FALSE,FALSE,FALSE,FALSE,TRUE,FALSE,FALSE,FALSE,FALSE,FALSE
S17816_2011_2015,2011_2015,4.333333333,0.015,4803.333333,21.86666667,0.147666667,0.151333333,0.00467,0.0193,0.656,0.0493,126.6666667,23.33333333,FALSE,FALSE,FALSE,FALSE,FALSE,FALSE,FALSE,FALSE,FALSE,FALSE,FALSE,FALSE
S17852_2011_2015,2011_2015,11.25,0.019625,6197.5,10.55,0.2575,0.2585,0.00325,0.005,0.41975,0.025875,77.25,23.5,FALSE,FALSE,FALSE,FALSE,FALSE,FALSE,FALSE,FALSE,FALSE,FALSE,FALSE,FALSE
S18158_2011_2015,2011_2015,15,0.0415,9680,46.8,0.537,0.5405,0.0035,0.009,0.619,0.013,131,3,FALSE,FALSE,FALSE,FALSE,FALSE,FALSE,FALSE,FALSE,FALSE,FALSE,FALSE,FALSE
S18159_2011_2015,2011_2015,18,0.0102,6515,21,0.126833333,0.130833333,0.005,0.0103,0.275333333,0.0148,76.66666667,2.666666667,FALSE,FALSE,FALSE,FALSE,FALSE,FALSE,FALSE,FALSE,FALSE,FALSE,FALSE,FALSE
S18429_2011_2015,2011_2015,30,0.0115,10850,23.15,0.068,0.068,0.003,0.008,0.187,0.024,123,5.5,FALSE,FALSE,FALSE,FALSE,FALSE,FALSE,TRUE,FALSE,FALSE,FALSE,FALSE,FALSE
S18463_2011_2015,2011_2015,64.83333333,0.0433,26366.66667,103.4833333,1.225333333,1.248333333,0.023,0.0325,1.4555,0.0782,370.3333333,9.5,FALSE,FALSE,FALSE,FALSE,FALSE,FALSE,FALSE,FALSE,FALSE,FALSE,FALSE,FALSE
S18863_2006_2010,2006_2010,49.5,NA,NA,19.75,NA,NA,NA,NA,NA,NA,119,8,FALSE,FALSE,FALSE,FALSE,FALSE,FALSE,FALSE,FALSE,FALSE,FALSE,FALSE,FALSE
S18864_2006_2010,2006_2010,92.75,NA,NA,57.875,NA,NA,NA,NA,NA,NA,252,9.5,FALSE,FALSE,FALSE,FALSE,FALSE,FALSE,FALSE,FALSE,FALSE,FALSE,FALSE,FALSE
S18874_2011_2015,2011_2015,21,0.0065,10850,30.2,0.4125,0.4125,0.003,0.0075,0.5365,0.0125,114,2,FALSE,FALSE,FALSE,FALSE,FALSE,FALSE,TRUE,FALSE,FALSE,FALSE,FALSE,TRUE
S18875_2011_2015,2011_2015,55,0.014,19033.33333,29.86666667,0.437333333,0.437333333,0.003,0.0283,0.657666667,0.0407,174,5.666666667,FALSE,FALSE,FALSE,FALSE,FALSE,FALSE,TRUE,FALSE,FALSE,FALSE,FALSE,FALSE
S18876_2011_2015,2011_2015,38,0.013,26900,81.25,1.168,1.168,0.003,0.017,1.1685,0.025,269,5,FALSE,FALSE,FALSE,FALSE,FALSE,FALSE,TRUE,FALSE,FALSE,FALSE,FALSE,FALSE
S18877_2011_2015,2011_2015,17.5,0.007,8255,47.85,0.167,0.167,0.003,0.0065,0.31,0.0195,151,5,FALSE,FALSE,FALSE,FALSE,FALSE,FALSE,TRUE,FALSE,FALSE,FALSE,FALSE,FALSE
S18881_2011_2015,2011_2015,55,0.023,17000,39.5,0.289,0.289,0.003,0.468,0.258,0.49,156,4,FALSE,FALSE,FALSE,FALSE,FALSE,FALSE,TRUE,FALSE,FALSE,FALSE,FALSE,FALSE
S18882_2011_2015,2011_2015,13.5,0.069,12800,54.95,0.875,0.8915,0.018,0.0185,1.534,0.1485,202,58,FALSE,FALSE,FALSE,FALSE,FALSE,FALSE,FALSE,FALSE,FALSE,FALSE,FALSE,FALSE
S18883_2011_2015,2011_2015,23.5,0.0045,7670,20.25,0.1155,0.1155,0.003,0.0035,0.7795,0.019,84,3.5,FALSE,FALSE,FALSE,FALSE,FALSE,FALSE,TRUE,FALSE,FALSE,FALSE,FALSE,FALSE
S18884_2011_2015,2011_2015,30,0.006,8790,20.7,0.053,0.053,0.003,0.028,0.244,0.035,78,2,FALSE,FALSE,FALSE,FALSE,FALSE,FALSE,TRUE,FALSE,FALSE,FALSE,FALSE,FALSE
S18903_2011_2015,2011_2015,12,0.0175,3780,19.2,0.04,0.04,0.003,0.007,0.3545,0.056,131,40,FALSE,FALSE,FALSE,FALSE,FALSE,FALSE,TRUE,FALSE,FALSE,FALSE,FALSE,FALSE
S18931_2011_2015,2011_2015,35,0.025,21700,75.5,1.066,1.07,0.004,0.819,1.255,0.92,282,2,FALSE,FALSE,FALSE,FALSE,FALSE,FALSE,FALSE,FALSE,FALSE,FALSE,FALSE,FALSE
S18935_2011_2015,2011_2015,43,0.015,15900,35.2,0.119,0.119,0.003,0.008,0.236,0.02,150,2,FALSE,FALSE,FALSE,FALSE,FALSE,FALSE,TRUE,FALSE,FALSE,FALSE,FALSE,TRUE
